{"precision": 0.7222129537698638, "recall": 0.7321097654966053, "f1": 0.7259254322158437, "acc": 0.7453355155482815}