{"acc": 0.5749426041325024, "f1": 0.5748327953518398, "precision": 0.6507528135206391, "recall": 0.6471010458313134}