{"acc": 0.5682487725040917, "f1": 0.5679374920453457, "precision": 0.6406504196906115, "recall": 0.6351438208147737}