{"precision": 0.7030901722391084, "recall": 0.7224596882355385, "f1": 0.7027979161471247, "acc": 0.7135842880523732}