{"acc": 0.7565406976744186, "f1": 0.756192507214366, "precision": 0.7564435029280349, "recall": 0.756076972072384}