{"acc": 0.7539970930232558, "f1": 0.7539370190532981, "precision": 0.753958042844467, "recall": 0.7541600704070872}