{"acc": 0.7869067103109656, "f1": 0.7788816496134608, "precision": 0.7768490374873354, "recall": 0.8032532292859114}