{"acc": 0.8169891767792719, "f1": 0.8059572493759033, "precision": 0.7992340073574797, "recall": 0.8257546160085625}