{"acc": 0.7967266775777414, "f1": 0.787396095109221, "precision": 0.7829932472108044, "recall": 0.8077122695863417}