{"acc": 0.5764320785597381, "f1": 0.5751625768822723, "precision": 0.6102260830827486, "recall": 0.616850279764401}