{"acc": 0.5395211544768777, "f1": 0.5324485876456567, "precision": 0.6930876629354734, "recall": 0.6459628223526646}