{"acc": 0.5129296235679215, "f1": 0.5127829838023044, "precision": 0.5581069390607064, "recall": 0.5593809858436568}