{"acc": 0.510003279763857, "f1": 0.5099058028832375, "precision": 0.5626213601375619, "recall": 0.5638336269084382}