{"epoch": 17, "acc": 0.6320785597381342, "f1": 0.6319592711682743, "precision": 0.7078278510557455, "recall": 0.7025160850362882}