{"acc": 0.5880616595605116, "f1": 0.5861910084483275, "precision": 0.7038902291917973, "recall": 0.6800977677092982}